country_name,country_code,year,total,adults_male,adults_female,juvenile_male,juvenile_female,tot_juvenile,tot_male,tot_female
Cyprus,CYP,2003,355,271,11,,,,,
Cyprus,CYP,2004,546,318,20,,,33,,
Cyprus,CYP,2005,536,445,16,41,0,41,486,16
Cyprus,CYP,2006,599,512,19,45,2,47,557,21
Cyprus,CYP,2007,646,504,21,20,0,20,524,21
Cyprus,CYP,2008,646,582,42,26,2,28,608,44
Cyprus,CYP,2009,670,519,31,27,1,28,546,32
Cyprus,CYP,2010,637,577,45,14,0,14,591,45
Cyprus,CYP,2011,634,571,35,14,2,16,585,37
Cyprus,CYP,2012,694,609,43,24,2,26,633,45
Cyprus,CYP,2013,592,491,25,32,5,37,523,30
Cyprus,CYP,2014,537,479,30,23,0,23,502,30
Cyprus,CYP,2015,596,492,31,23,1,24,515,32
Cyprus,CYP,2016,668,530,41,15,0,15,545,41
Cyprus,CYP,2017,625,538,33,20,1,21,558,34
Cyprus,CYP,2018,648,,,,,,,
Turkey,TUR,2003,63796,,2193,,,,,
Turkey,TUR,2004,58016,,1951,,,,,
Turkey,TUR,2005,55966,,1834,,,,,
Turkey,TUR,2006,70524,,2444,,,,,
Turkey,TUR,2007,90732,87127,3179,,,,,
Turkey,TUR,2008,103435,96890,3599,,,2746,,
Turkey,TUR,2009,115920,109648,4013,2501,61,2679,112149,4074
Turkey,TUR,2010,120194,114551,4150,2045,68,2113,116596,4218
Turkey,TUR,2011,128253,121731,4539,2262,72,2334,123993,4611
Turkey,TUR,2012,136638,129181,4538,1946,55,2001,131127,4593
Turkey,TUR,2013,144098,138420,5169,1829,50,1879,140249,5219
Turkey,TUR,2014,158690,151656,5755,1923,63,1986,153579,5818
Turkey,TUR,2015,177262,169501,6435,2247,74,2321,171748,6509
Turkey,TUR,2016,200727,190031,8294,2323,79,2402,192354,8373
Turkey,TUR,2017,232340,,,,,,,
Turkey,TUR,2018,264842,,,,,,,
Bulgaria,BGR,2003,9282,,294,,3,138,,297
Bulgaria,BGR,2004,9931,10370,349,149,3,152,10519,352
Bulgaria,BGR,2005,10722,10918,387,128,3,131,11046,390
Bulgaria,BGR,2006,11308,10583,371,97,7,104,10680,378
Bulgaria,BGR,2007,10961,9844,333,89,5,94,9933,338
Bulgaria,BGR,2008,10182,9043,290,73,2,75,9116,292
Bulgaria,BGR,2009,10093,8708,240,57,1,58,8765,241
Bulgaria,BGR,2010,10448,9015,291,73,0,73,9088,291
Bulgaria,BGR,2011,9885,9507,289,89,0,89,9596,289
Bulgaria,BGR,2012,9493,9111,307,73,2,75,9184,309
Bulgaria,BGR,2013,8834,8493,263,77,1,78,8570,264
Bulgaria,BGR,2014,7870,7549,258,62,1,63,7611,259
Bulgaria,BGR,2015,7408,7117,245,45,1,46,7162,246
Bulgaria,BGR,2016,7345,7090,228,27,0,27,7117,228
Bulgaria,BGR,2017,6988,6740,218,29,1,30,6769,219
Bulgaria,BGR,2018,6651,,,,,,,
Hungary,HUN,2003,16507,,989,,44,,,1033
Hungary,HUN,2004,16543,15119,979,435,13,448,15554,992
Hungary,HUN,2005,15720,14292,980,465,18,483,14757,998
Hungary,HUN,2006,14821,13412,942,448,20,468,13860,962
Hungary,HUN,2007,14331,13010,899,422,22,444,13432,921
Hungary,HUN,2008,14702,13289,923,507,24,531,13796,947
Hungary,HUN,2009,15360,13931,989,495,17,512,14426,1006
Hungary,HUN,2010,16328,14758,1009,540,21,561,15298,1030
Hungary,HUN,2011,17210,15470,1216,501,23,524,15971,1239
Hungary,HUN,2012,17179,15440,1225,498,16,514,15938,1241
Hungary,HUN,2013,17841,16027,1336,458,20,478,16485,1356
Hungary,HUN,2014,17890,16134,1332,407,17,424,16541,1349
Hungary,HUN,2015,17449,15862,1235,337,15,352,16199,1250
Hungary,HUN,2016,17658,16071,1280,290,17,307,16361,1297
Hungary,HUN,2017,17343,15838,1268,229,8,237,16067,1276
Hungary,HUN,2018,16303,,,,,,,
Poland,POL,2003,79281,,1260,3541,57,3598,,1317
Poland,POL,2004,80368,60069,1486,3365,55,3420,63434,1541
Poland,POL,2005,82955,75372,2235,6970,298,7268,82342,2533
Poland,POL,2006,88647,80773,2550,6910,296,7206,87683,2846
Poland,POL,2007,87776,80630,2501,6232,285,6517,86862,2786
Poland,POL,2008,83152,76764,2455,5484,275,5759,82248,2730
Poland,POL,2009,84003,77745,2434,5307,263,5570,83052,2697
Poland,POL,2010,80728,75007,2515,4586,264,4850,79593,2779
Poland,POL,2011,81382,76011,2456,4129,236,4365,80140,2692
Poland,POL,2012,84156,78668,2638,3944,209,4153,82612,2847
Poland,POL,2013,78994,74005,2591,3391,178,3569,77396,2769
Poland,POL,2014,77371,72858,2484,3716,287,4003,76574,2771
Poland,POL,2015,70836,66962,2336,3154,243,3397,70116,2579
Poland,POL,2016,71528,67506,2535,2061,107,2168,69567,2642
Poland,POL,2017,73822,69528,2825,1969,158,2127,71497,2983
Poland,POL,2018,72204,,,,,,,
Romania,ROU,2003,42770,,1503,626,29,655,,1532
Romania,ROU,2004,39044,30973,1466,540,28,568,31513,1494
Romania,ROU,2005,36689,34910,1595,779,85,864,35689,1680
Romania,ROU,2006,34038,31773,1509,723,33,756,32496,1542
Romania,ROU,2007,29390,27472,1380,521,17,538,27993,1397
Romania,ROU,2008,26212,24570,1211,416,15,431,24986,1226
Romania,ROU,2009,26716,25052,1194,451,19,470,25503,1213
Romania,ROU,2010,28244,26538,1247,435,24,459,26973,1271
Romania,ROU,2011,30694,28889,1355,429,21,450,29318,1376
Romania,ROU,2012,31817,29968,1405,427,17,444,30395,1422
Romania,ROU,2013,33434,31383,1539,492,20,512,31875,1559
Romania,ROU,2014,30156,28323,1517,296,20,316,28619,1537
Romania,ROU,2015,28334,26591,1427,300,16,316,26891,1443
Romania,ROU,2016,27455,25657,1391,387,20,407,26044,1411
Romania,ROU,2017,23450,21955,1100,375,20,395,22330,1120
Romania,ROU,2018,20792,,,,,,,
Slovakia,SVK,2003,5983,,231,,1,106,,232
Slovakia,SVK,2004,6331,,369,,5,202,,374
Slovakia,SVK,2005,6051,,378,,3,239,,381
Slovakia,SVK,2006,6006,,378,,3,182,,381
Slovakia,SVK,2007,6137,,369,,3,193,,372
Slovakia,SVK,2008,6613,,408,,2,167,,410
Slovakia,SVK,2009,7695,8671,488,154,3,157,8825,491
Slovakia,SVK,2010,8567,9340,551,139,1,140,9479,552
Slovakia,SVK,2011,9118,9775,618,128,4,132,9903,622
Slovakia,SVK,2012,9542,10067,646,132,5,137,10199,651
Slovakia,SVK,2013,8537,9071,583,93,6,99,9164,589
Slovakia,SVK,2014,8701,9316,611,90,3,93,9406,614
Slovakia,SVK,2015,8567,9196,628,86,3,89,9282,631
Slovakia,SVK,2016,8557,9246,673,76,0,76,9322,673
Slovakia,SVK,2017,8512,9240,716,72,0,72,9312,716
Slovakia,SVK,2018,8715,,,,,,,
Denmark,DNK,2003,3522,,105,8,0,8,,105
Denmark,DNK,2004,3757,,174,7,0,7,,174
Denmark,DNK,2005,4132,,176,,,20,,
Denmark,DNK,2006,3759,,183,,,18,,
Denmark,DNK,2007,3624,,175,21,4,25,,179
Denmark,DNK,2008,3451,,155,9,0,9,,155
Denmark,DNK,2009,3721,3523,178,20,0,20,3543,178
Denmark,DNK,2010,3944,3743,183,15,2,17,3758,185
Denmark,DNK,2011,3947,3774,164,9,0,9,3783,164
Denmark,DNK,2012,3829,3673,149,6,1,7,3679,150
Denmark,DNK,2013,4091,3890,189,12,0,12,3902,189
Denmark,DNK,2014,3583,3429,145,9,0,9,3438,145
Denmark,DNK,2015,3203,3079,118,6,0,6,3085,118
Denmark,DNK,2016,3408,3242,150,16,0,16,3258,150
Denmark,DNK,2017,3418,3274,135,8,1,9,3282,136
Denmark,DNK,2018,3635,,,,,,,
Estonia,EST,2003,4529,,131,,2,46,,133
Estonia,EST,2004,4525,,150,,5,55,,155
Estonia,EST,2005,4420,,141,,0,37,,141
Estonia,EST,2006,4310,,137,,0,41,,137
Estonia,EST,2007,3456,3073,156,71,0,71,3144,156
Estonia,EST,2008,3656,3224,190,51,1,52,3275,191
Estonia,EST,2009,3555,3371,149,33,1,34,3404,150
Estonia,EST,2010,3393,3157,193,42,1,43,3199,194
Estonia,EST,2011,3400,3190,181,25,4,29,3215,185
Estonia,EST,2012,3286,3088,162,34,2,36,3122,164
Estonia,EST,2013,3123,2936,154,31,2,33,2967,156
Estonia,EST,2014,3034,,,31,2,33,,
Estonia,EST,2015,2823,2646,153,22,2,24,2668,155
Estonia,EST,2016,2864,,,,,,,
Estonia,EST,2017,2723,2563,140,19,1,20,2582,141
Estonia,EST,2018,2584,,,,,,,
Finland,FIN,2003,3641,2726,148,100,1,101,2826,149
Finland,FIN,2004,3703,2844,167,92,4,96,2936,171
Finland,FIN,2005,3867,3540,235,91,1,92,3631,236
Finland,FIN,2006,3851,3512,242,95,2,97,3607,244
Finland,FIN,2007,3624,3306,241,73,5,78,3379,246
Finland,FIN,2008,3531,3219,218,87,6,93,3306,224
Finland,FIN,2009,3589,3249,238,99,3,102,3348,241
Finland,FIN,2010,3364,3046,245,72,1,73,3118,246
Finland,FIN,2011,3268,2969,228,68,3,71,3037,231
Finland,FIN,2012,3306,3000,219,85,2,87,3085,221
Finland,FIN,2013,3295,2960,253,79,3,82,3039,256
Finland,FIN,2014,3148,2810,237,98,3,101,2908,240
Finland,FIN,2015,3135,2818,228,80,9,89,2898,237
Finland,FIN,2016,3156,2848,215,82,11,93,2930,226
Finland,FIN,2017,3082,2756,228,92,6,98,2848,234
Finland,FIN,2018,2910,,,,,,,
Iceland,ISL,2003,109,,5,,,,,
Iceland,ISL,2004,112,108,7,0,0,0,108,7
Iceland,ISL,2005,108,110,7,2,0,2,112,7
Iceland,ISL,2006,115,112,6,1,0,1,113,6
Iceland,ISL,2007,124,106,8,1,0,1,107,8
Iceland,ISL,2008,120,129,9,1,1,2,130,10
Iceland,ISL,2009,132,136,7,2,0,2,138,7
Iceland,ISL,2010,154,159,8,0,0,0,159,8
Iceland,ISL,2011,143,140,8,2,0,2,142,8
Iceland,ISL,2012,141,139,13,1,0,1,140,13
Iceland,ISL,2013,147,141,6,0,0,0,141,6
Iceland,ISL,2014,142,151,3,0,0,0,151,3
Iceland,ISL,2015,139,140,6,0,0,0,140,6
Iceland,ISL,2016,116,116,8,0,0,0,116,8
Iceland,ISL,2017,150,123,8,0,0,0,123,8
Iceland,ISL,2018,147,,,,,,,
Ireland,IRL,2003,3146,2455,71,43,0,43,2498,71
Ireland,IRL,2004,2660,2533,68,58,1,59,2591,69
Ireland,IRL,2005,2637,,,,,,,
Ireland,IRL,2006,2725,,,,,,,
Ireland,IRL,2007,2696,3076,98,56,0,56,3132,98
Ireland,IRL,2008,10928,3313,111,46,0,46,3359,111
Ireland,IRL,2009,12339,3690,123,55,0,55,3745,123
Ireland,IRL,2010,13758,4122,147,49,0,49,4171,147
Ireland,IRL,2011,13952,4054,138,34,0,34,4088,138
Ireland,IRL,2012,13860,4118,155,23,0,23,4141,155
Ireland,IRL,2013,13055,3588,122,8,0,8,3596,122
Ireland,IRL,2014,13408,3084,120,12,0,12,3096,120
Ireland,IRL,2015,NaN,3035,115,59,1,60,3094,116
Ireland,IRL,2016,NaN,2969,94,13,1,14,2982,95
Ireland,IRL,2017,NaN,,,,,,,
Ireland,IRL,2018,NaN,,,,,,,
Latvia,LVA,2003,4795,,,370,3,373,,
Latvia,LVA,2004,4808,,,318,2,320,,
Latvia,LVA,2005,4608,7045,297,296,8,304,7341,305
Latvia,LVA,2006,4643,6416,326,231,10,241,6647,336
Latvia,LVA,2007,4701,6032,325,244,10,254,6276,335
Latvia,LVA,2008,4872,5969,380,240,8,248,6209,388
Latvia,LVA,2009,4959,6504,402,168,21,189,6672,423
Latvia,LVA,2010,4701,6271,421,83,5,88,6354,426
Latvia,LVA,2011,4488,6077,416,65,3,68,6142,419
Latvia,LVA,2012,4171,5646,416,52,3,55,5698,419
Latvia,LVA,2013,3603,4743,347,46,0,46,4789,347
Latvia,LVA,2014,3253,4364,343,36,2,38,4400,345
Latvia,LVA,2015,3000,4012,355,39,3,42,4051,358
Latvia,LVA,2016,2966,3851,349,43,0,43,3894,349
Latvia,LVA,2017,2714,3434,290,40,1,41,3474,291
Latvia,LVA,2018,2541,,,,,,,
Lithuania,LTU,2003,7869,,195,,2,119,,197
Lithuania,LTU,2004,7941,7679,262,184,0,184,7863,262
Lithuania,LTU,2005,7958,7650,308,177,2,179,7827,310
Lithuania,LTU,2006,7908,7594,314,164,7,171,7758,321
Lithuania,LTU,2007,7674,7337,337,186,6,192,7523,343
Lithuania,LTU,2008,7800,7445,355,197,3,200,7642,358
Lithuania,LTU,2009,8467,8100,367,183,5,188,8283,372
Lithuania,LTU,2010,8981,8567,414,151,7,158,8718,421
Lithuania,LTU,2011,9790,9373,417,125,5,130,9498,422
Lithuania,LTU,2012,9617,9182,435,105,7,112,9287,442
Lithuania,LTU,2013,9172,8744,428,87,2,89,8831,430
Lithuania,LTU,2014,8552,8175,377,81,3,84,8256,380
Lithuania,LTU,2015,7270,6975,295,84,1,85,7059,296
Lithuania,LTU,2016,6757,6436,321,57,1,58,6493,322
Lithuania,LTU,2017,6548,6218,330,50,1,51,6268,331
Lithuania,LTU,2018,6433,,,,,,,
Norway,NOR,2003,NaN,,166,,1,11,,167
Norway,NOR,2004,NaN,2689,175,9,1,10,2698,176
Norway,NOR,2005,NaN,2914,178,11,0,11,2925,178
Norway,NOR,2006,NaN,3061,207,7,0,7,3068,207
Norway,NOR,2007,NaN,3212,183,7,0,7,3219,183
Norway,NOR,2008,NaN,3222,192,5,0,5,3227,192
Norway,NOR,2009,NaN,3043,211,7,1,8,3050,212
Norway,NOR,2010,NaN,3270,221,8,0,8,3278,221
Norway,NOR,2011,NaN,3556,252,10,0,10,3566,252
Norway,NOR,2012,NaN,3720,248,15,1,16,3735,249
Norway,NOR,2013,NaN,3628,200,8,0,8,3636,200
Norway,NOR,2014,NaN,3841,204,3,0,3,3844,204
Norway,NOR,2015,NaN,3777,212,5,0,5,3782,212
Norway,NOR,2016,NaN,3873,243,2,1,3,3875,244
Norway,NOR,2017,NaN,,,,,,,
Norway,NOR,2018,NaN,,,,,,,
Sweden,SWE,2003,5320,,272,,0,2,,272
Sweden,SWE,2004,5722,,320,,0,1,,320
Sweden,SWE,2005,5508,,375,,0,13,,375
Sweden,SWE,2006,5533,,399,,2,14,,401
Sweden,SWE,2007,5275,,385,,0,11,,385
Sweden,SWE,2008,5399,,392,,0,15,,392
Sweden,SWE,2009,5470,,374,,0,6,,374
Sweden,SWE,2010,5358,6437,394,15,0,15,6452,394
Sweden,SWE,2011,5148,6272,390,7,0,7,6279,390
Sweden,SWE,2012,4852,5922,362,12,0,12,5934,362
Sweden,SWE,2013,4377,5383,330,10,0,10,5393,330
Sweden,SWE,2014,4319,5463,332,11,1,12,5474,333
Sweden,SWE,2015,4292,5346,327,18,0,18,5364,327
Sweden,SWE,2016,4231,5299,346,13,0,13,5312,346
Sweden,SWE,2017,4148,5341,348,24,0,24,5365,348
Sweden,SWE,2018,4393,,,,,,,
United Kingdom (England and Wales),GBR,2003,80263,,,,,,,
United Kingdom (England and Wales),GBR,2004,81264,,,,,,,
United Kingdom (England and Wales),GBR,2005,83307,,,,,,,
United Kingdom (England and Wales),GBR,2006,85259,,,,,,,
United Kingdom (England and Wales),GBR,2007,87325,,,,,,,
United Kingdom (England and Wales),GBR,2008,91044,,,,,,,
United Kingdom (England and Wales),GBR,2009,91325,,,,,,,
United Kingdom (England and Wales),GBR,2010,93323,,,,,,,
United Kingdom (England and Wales),GBR,2011,94258,,,,,,,
United Kingdom (England and Wales),GBR,2012,94625,,,,,,,
United Kingdom (England and Wales),GBR,2013,91574,,,,,,,
United Kingdom (England and Wales),GBR,2014,93118,,,,,,,
United Kingdom (England and Wales),GBR,2015,93635,,,,,,,
United Kingdom (England and Wales),GBR,2016,92590,,,,,,,
United Kingdom (England and Wales),GBR,2017,93288,,,,,,,
United Kingdom (England and Wales),GBR,2018,91099,,,,,,,
Albania,ALB,2003,NaN,,80,,,37,,
Albania,ALB,2004,NaN,2240,59,22,0,22,2262,59
Albania,ALB,2005,NaN,2510,66,16,0,16,2526,66
Albania,ALB,2006,NaN,2750,79,28,0,28,2778,79
Albania,ALB,2007,NaN,2695,84,11,0,11,2706,84
Albania,ALB,2008,NaN,2910,101,55,32,87,2965,133
Albania,ALB,2009,4695,4466,113,85,3,88,4551,116
Albania,ALB,2010,4605,4461,96,98,2,100,4559,98
Albania,ALB,2011,4607,4454,84,121,0,121,4575,84
Albania,ALB,2012,4890,4439,82,97,0,97,4536,82
Albania,ALB,2013,5385,4802,89,107,0,107,4909,89
Albania,ALB,2014,5535,5493,109,87,0,87,5580,109
Albania,ALB,2015,5882,5771,121,89,0,89,5860,121
Albania,ALB,2016,6031,5875,97,58,1,59,5933,98
Albania,ALB,2017,5674,5541,93,40,0,40,5581,93
Albania,ALB,2018,5316,,,,,,,
Bosnia and Herzegovina,BIH,2003,NaN,,,,,,,
Bosnia and Herzegovina,BIH,2004,NaN,,,,,,,
Bosnia and Herzegovina,BIH,2005,NaN,,,,,,,
Bosnia and Herzegovina,BIH,2006,NaN,,,,,,,
Bosnia and Herzegovina,BIH,2007,NaN,,,,,,,
Bosnia and Herzegovina,BIH,2008,NaN,,,,,,,
Bosnia and Herzegovina,BIH,2009,NaN,,,,,,,
Bosnia and Herzegovina,BIH,2010,2221,2161,60,,,31,,
Bosnia and Herzegovina,BIH,2011,2231,2193,38,,,30,,
Bosnia and Herzegovina,BIH,2012,NaN,,,,,,,
Bosnia and Herzegovina,BIH,2013,2521,2465,56,,,39,,
Bosnia and Herzegovina,BIH,2014,2537,2477,60,,,28,,
Bosnia and Herzegovina,BIH,2015,2298,2212,86,,,21,,
Bosnia and Herzegovina,BIH,2016,2214,2166,48,,,11,,
Bosnia and Herzegovina,BIH,2017,2361,2287,74,23,1,24,2310,75
Bosnia and Herzegovina,BIH,2018,3111,,,,,,,
Croatia,HRV,2003,1791,,63,,14,128,,77
Croatia,HRV,2004,2032,,98,,12,113,,110
Croatia,HRV,2005,2293,,133,,7,110,,140
Croatia,HRV,2006,2594,,185,,1,26,,186
Croatia,HRV,2007,2909,,188,,2,47,,190
Croatia,HRV,2008,3294,,209,,0,41,,209
Croatia,HRV,2009,3592,,218,,7,64,,225
Croatia,HRV,2010,3894,4929,236,31,8,39,4960,244
Croatia,HRV,2011,4089,4814,250,50,5,55,4864,255
Croatia,HRV,2012,3890,4534,207,63,5,68,4597,212
Croatia,HRV,2013,3326,4081,188,77,6,83,4158,194
Croatia,HRV,2014,2881,3511,182,62,8,70,3573,190
Croatia,HRV,2015,2426,3130,160,47,4,51,3177,164
Croatia,HRV,2016,2293,2947,116,38,7,45,2985,123
Croatia,HRV,2017,2234,2947,116,38,7,45,2985,123
Croatia,HRV,2018,2177,,,,,,,
Greece,GRC,2003,8170,,,,,,,
Greece,GRC,2004,9018,,,,,,,
Greece,GRC,2005,9270,9186,604,,,,,
Greece,GRC,2006,9685,9605,597,,,,,
Greece,GRC,2007,10348,10228,593,406,28,434,10634,621
Greece,GRC,2008,10561,11040,744,501,30,531,11541,774
Greece,GRC,2009,9265,10300,554,485,25,510,10785,579
Greece,GRC,2010,10480,11204,577,541,27,568,11745,604
Greece,GRC,2011,10752,11330,562,571,16,587,11901,578
Greece,GRC,2012,11187,11318,557,587,13,600,11905,570
Greece,GRC,2013,11571,11593,648,440,12,452,12033,660
Greece,GRC,2014,11798,11206,561,20,11,31,11226,572
Greece,GRC,2015,9611,9116,482,9,4,13,9125,486
Greece,GRC,2016,9560,9023,515,12,10,22,9035,525
Greece,GRC,2017,10011,9455,543,5,8,13,9460,551
Greece,GRC,2018,10654,,,,,,,
Italy,ITA,2003,54237,,2493,,79,756,,2572
Italy,ITA,2004,56068,,2589,,74,835,,2663
Italy,ITA,2005,59523,,2804,,103,892,,2907
Italy,ITA,2006,39005,37335,1670,703,86,789,38038,1756
Italy,ITA,2007,48693,46518,2175,905,99,1004,47423,2274
Italy,ITA,2008,58127,55601,2526,1082,75,1157,56683,2601
Italy,ITA,2009,64791,62040,2751,1126,81,1207,63166,2832
Italy,ITA,2010,67961,65031,2930,1213,89,1302,66244,3019
Italy,ITA,2011,66897,64089,2808,1325,103,1428,65414,2911
Italy,ITA,2012,65701,62897,2804,1312,89,1401,64209,2893
Italy,ITA,2013,62536,59842,2694,1221,91,1312,61063,2785
Italy,ITA,2014,53623,51319,2304,1052,70,1122,52371,2374
Italy,ITA,2015,52164,50057,2107,1146,100,1246,51203,2207
Italy,ITA,2016,54653,52368,2285,1231,94,1325,53599,2379
Italy,ITA,2017,57608,55187,2421,1335,95,1430,56522,2516
Italy,ITA,2018,59655,,,,,,,
Kosovo under UNSCR 1244,OSA,2003,1182,,,,,,,
Kosovo under UNSCR 1244,OSA,2004,1189,,,,,,,
Kosovo under UNSCR 1244,OSA,2005,1199,,,,,,,
Kosovo under UNSCR 1244,OSA,2006,1252,,,,,,,
Kosovo under UNSCR 1244,OSA,2007,,,,,,,,
Kosovo under UNSCR 1244,OSA,2008,,,,,,,,
Kosovo under UNSCR 1244,OSA,2009,1325,,,,,,,
Kosovo under UNSCR 1244,OSA,2010,1333,,,,,,,
Kosovo under UNSCR 1244,OSA,2011,1441,,,,,,,
Kosovo under UNSCR 1244,OSA,2012,1737,,,,,,,
Kosovo under UNSCR 1244,OSA,2013,1776,,,,,,,
Kosovo under UNSCR 1244,OSA,2014,1854,,,,,,,
Kosovo under UNSCR 1244,OSA,2015,1478,,,,,,,
Kosovo under UNSCR 1244,OSA,2016,1648,,,,,,,
Kosovo under UNSCR 1244,OSA,2017,1609,,,,,,,
Kosovo under UNSCR 1244,OSA,2018,1567,,,,,,,
Montenegro,MNE,2003,741,724,15,,,2,,
Montenegro,MNE,2004,799,789,7,2,1,3,791,8
Montenegro,MNE,2005,894,830,15,3,1,4,833,16
Montenegro,MNE,2006,851,833,17,,,1,,
Montenegro,MNE,2007,957,938,16,,,3,,
Montenegro,MNE,2008,1216,1189,18,7,2,9,1196,20
Montenegro,MNE,2009,1499,1451,39,7,2,9,1458,41
Montenegro,MNE,2010,1457,1391,59,6,1,7,1397,60
Montenegro,MNE,2011,1328,1282,37,8,1,9,1290,38
Montenegro,MNE,2012,1331,1269,53,8,1,9,1277,54
Montenegro,MNE,2013,1064,1043,19,2,0,2,1045,19
Montenegro,MNE,2014,1123,1087,31,5,0,5,1092,31
Montenegro,MNE,2015,1131,1091,35,5,0,5,1096,35
Montenegro,MNE,2016,1123,1083,36,4,0,4,1087,36
Montenegro,MNE,2017,1119,1081,26,12,0,12,1093,26
Montenegro,MNE,2018,1125,,,,,,,
North Macedonia,MKD,2003,NaN,,30,,,17,,
North Macedonia,MKD,2004,NaN,,31,,,17,,
North Macedonia,MKD,2005,NaN,,42,,1,55,,43
North Macedonia,MKD,2006,2167,,39,,0,49,,39
North Macedonia,MKD,2007,NaN,,,,,,,
North Macedonia,MKD,2008,NaN,,,62,,62,,
North Macedonia,MKD,2009,NaN,2160,55,70,,70,2230,
North Macedonia,MKD,2010,NaN,2160,55,65,,65,2225,
North Macedonia,MKD,2011,NaN,2162,50,63,,63,2225,
North Macedonia,MKD,2012,NaN,,,,,,,
North Macedonia,MKD,2013,NaN,,,,,,,
North Macedonia,MKD,2014,NaN,,,,,,,
North Macedonia,MKD,2015,NaN,,,,,,,
North Macedonia,MKD,2016,NaN,3111,102,18,0,18,3129,102
North Macedonia,MKD,2017,NaN,2680,71,30,,30,2710,
North Macedonia,MKD,2018,NaN,,,,,,,
Portugal,PRT,2003,13635,,572,,13,479,,585
Portugal,PRT,2004,13152,12213,939,,8,525,12213,947
Portugal,PRT,2005,12889,12014,875,,20,529,12014,895
Portugal,PRT,2006,12636,11751,885,,26,507,11751,911
Portugal,PRT,2007,11587,10790,797,,,,10790,
Portugal,PRT,2008,10807,10160,647,,,,10160,
Portugal,PRT,2009,11099,10486,613,,,521,10486,
Portugal,PRT,2010,11613,10986,627,,,547,10986,
Portugal,PRT,2011,12681,11970,711,,,634,11970,
Portugal,PRT,2012,13614,12856,758,,,613,12856,
Portugal,PRT,2013,14284,13143,839,,,553,13143,
Portugal,PRT,2014,14003,12925,835,,,438,12925,
Portugal,PRT,2015,14222,13152,855,,,366,13152,
Portugal,PRT,2016,13779,12724,864,,,329,12724,
Portugal,PRT,2017,13440,12402,849,,,336,12402,
Portugal,PRT,2018,12867,,,,,,,
Serbia,SRB,2003,NaN,,,,,,,
Serbia,SRB,2004,NaN,,,,,,,
Serbia,SRB,2005,8071,,,,,,,
Serbia,SRB,2006,7893,,,,,,,
Serbia,SRB,2007,8970,8534,308,184,17,201,8718,325
Serbia,SRB,2008,9701,9128,321,225,27,252,9353,348
Serbia,SRB,2009,10975,10297,402,246,30,276,10543,432
Serbia,SRB,2010,11211,10535,427,238,11,249,10773,438
Serbia,SRB,2011,11070,10371,423,257,19,276,10628,442
Serbia,SRB,2012,10226,9754,240,223,9,232,9977,249
Serbia,SRB,2013,10031,9389,402,228,12,240,9617,414
Serbia,SRB,2014,10288,9676,360,240,12,252,9916,372
Serbia,SRB,2015,10064,9479,357,219,9,228,9698,366
Serbia,SRB,2016,10672,10028,405,227,12,239,10255,417
Serbia,SRB,2017,10807,10211,384,206,6,212,10417,390
Serbia,SRB,2018,10871,,,,,,,
Spain,ESP,2003,56096,48342,4302,1474,94,1568,49816,4396
Spain,ESP,2004,59375,54805,4570,1442,87,1529,56247,4657
Spain,ESP,2005,61054,56291,4763,,,,,
Spain,ESP,2006,64021,58912,5109,,,,,
Spain,ESP,2007,67100,61508,5592,,,,,
Spain,ESP,2008,73558,67608,5950,,,,,
Spain,ESP,2009,76079,70003,6076,,,,,
Spain,ESP,2010,73929,65951,5652,1402,83,1485,67353,5735
Spain,ESP,2011,70472,63108,5157,1255,68,1323,64363,5225
Spain,ESP,2012,68597,60827,5068,1082,70,1152,61909,5138
Spain,ESP,2013,66765,59513,4925,891,66,957,60404,4991
Spain,ESP,2014,65017,58099,4874,699,37,736,58798,4911
Spain,ESP,2015,61614,55103,4623,634,35,669,55737,4658
Spain,ESP,2016,59589,53362,4349,609,41,650,53971,4390
Spain,ESP,2017,58814,52604,4269,580,35,615,53184,4304
Spain,ESP,2018,58883,,,,,,,
Austria,AUT,2003,7921,,,,,,,
Austria,AUT,2004,8642,,,,,,,
Austria,AUT,2005,8826,7605,424,166,15,181,7771,439
Austria,AUT,2006,8751,7676,430,210,11,221,7886,441
Austria,AUT,2007,8861,7511,423,137,5,142,7648,428
Austria,AUT,2008,7886,6853,396,158,12,170,7011,408
Austria,AUT,2009,8467,7453,460,172,14,186,7625,474
Austria,AUT,2010,8569,7599,511,153,20,173,7752,531
Austria,AUT,2011,8793,7734,538,148,15,163,7882,553
Austria,AUT,2012,8738,8113,568,113,11,124,8226,579
Austria,AUT,2013,8878,8221,538,97,6,103,8318,544
Austria,AUT,2014,8809,8111,501,74,6,80,8185,507
Austria,AUT,2015,9036,,,,,,,
Austria,AUT,2016,8619,8022,481,105,11,116,8127,492
Austria,AUT,2017,8852,8202,508,132,10,142,8334,518
Austria,AUT,2018,9099,,,,,,,
Belgium,BEL,2003,9646,,,,,,,
Belgium,BEL,2004,9896,,,,,,,
Belgium,BEL,2005,9974,,,,,,,
Belgium,BEL,2006,10437,,,,,,,
Belgium,BEL,2007,NaN,,,,,,,
Belgium,BEL,2008,NaN,,,,,,,
Belgium,BEL,2009,NaN,,,,,,,
Belgium,BEL,2010,10535,,,,,,,
Belgium,BEL,2011,10973,,,,,,,
Belgium,BEL,2012,11330,,,,,,,
Belgium,BEL,2013,11644,,,,,,,
Belgium,BEL,2014,11578,,,,,,,
Belgium,BEL,2015,11040,10345,525,10,4,14,10355,529
Belgium,BEL,2016,10619,,,,,,,
Belgium,BEL,2017,10471,,,,,,,
Belgium,BEL,2018,NaN,,,,,,,
France,FRA,2003,59246,,,,,,,
France,FRA,2004,59197,,,,,,,
France,FRA,2005,59522,,,,,,,
France,FRA,2006,60403,56250,2152,,,,,
France,FRA,2007,64003,58106,2246,700,24,724,58806,2270
France,FRA,2008,66178,59484,2093,651,24,675,60135,2117
France,FRA,2009,66089,58288,2021,647,22,669,58935,2043
France,FRA,2010,66975,57929,1927,671,17,692,58600,1944
France,FRA,2011,73780,61908,2167,679,33,712,62587,2200
France,FRA,2012,76798,63668,2180,689,35,724,64357,2215
France,FRA,2013,77883,64213,2131,701,30,731,64914,2161
France,FRA,2014,77291,63493,2073,669,35,704,64162,2108
France,FRA,2015,66678,63851,2119,680,28,708,64531,2147
France,FRA,2016,68432,65442,2232,725,33,758,66167,2265
France,FRA,2017,68974,65839,2363,742,30,772,66581,2393
France,FRA,2018,70059,,,,,,,
Germany,DEU,2003,79153,,,,,,,
Germany,DEU,2004,79452,,,,,,,
Germany,DEU,2005,78664,,,,,,,
Germany,DEU,2006,76629,,,,,,,
Germany,DEU,2007,72656,,,,,,,
Germany,DEU,2008,72259,69863,3930,,,,69863,3930
Germany,DEU,2009,70817,68438,3857,,,,68438,3857
Germany,DEU,2010,69385,66982,3845,,,,66982,3845
Germany,DEU,2011,68099,65616,3927,,,,65616,3927
Germany,DEU,2012,65902,64590,3943,,,,64590,3943
Germany,DEU,2013,62632,62424,3797,,,,62424,3797
Germany,DEU,2014,61872,59589,3639,,,,59589,3639
Germany,DEU,2015,61737,59411,3609,,,,59411,3609
Germany,DEU,2016,62865,,,,,,,
Germany,DEU,2017,64351,,,,,,,
Germany,DEU,2018,63643,,,,,,,
Luxembourg,LUX,2003,NaN,,,,,,,
Luxembourg,LUX,2004,NaN,,,,,,,
Luxembourg,LUX,2005,NaN,,,,,,,
Luxembourg,LUX,2006,NaN,695,32,8,0,8,703,32
Luxembourg,LUX,2007,NaN,701,34,4,2,6,705,36
Luxembourg,LUX,2008,NaN,725,32,3,2,5,728,34
Luxembourg,LUX,2009,NaN,659,38,4,1,5,663,39
Luxembourg,LUX,2010,NaN,651,23,6,1,7,657,24
Luxembourg,LUX,2011,NaN,594,36,6,1,7,600,37
Luxembourg,LUX,2012,NaN,634,31,1,0,1,635,31
Luxembourg,LUX,2013,NaN,621,31,2,2,4,623,33
Luxembourg,LUX,2014,NaN,597,25,3,1,4,600,26
Luxembourg,LUX,2015,NaN,649,40,2,0,2,651,40
Luxembourg,LUX,2016,NaN,681,36,7,0,7,688,36
Luxembourg,LUX,2017,684,645,37,2,0,2,647,37
Luxembourg,LUX,2018,656,,,,,,,
Netherlands,NLD,2003,13981,,,,,,,
Netherlands,NLD,2004,16454,,,,,,,
Netherlands,NLD,2005,17599,14338,868,,,,,
Netherlands,NLD,2006,16230,12850,868,,,,,
Netherlands,NLD,2007,14451,11956,813,,,,,
Netherlands,NLD,2008,13530,12877,940,763,30,793,13640,970
Netherlands,NLD,2009,13262,12794,896,646,28,674,13440,924
Netherlands,NLD,2010,13293,12841,872,631,24,655,13472,896
Netherlands,NLD,2011,12737,12631,789,524,25,549,13155,814
Netherlands,NLD,2012,12112,12216,712,527,18,545,12743,730
Netherlands,NLD,2013,11167,11575,673,456,17,473,12031,690
Netherlands,NLD,2014,10361,10811,662,452,9,461,11263,671
Netherlands,NLD,2015,9143,9950,489,401,10,411,10351,499
Netherlands,NLD,2016,9123,9614,566,407,14,421,10021,580
Netherlands,NLD,2017,9549,9876,578,402,18,420,10278,596
Netherlands,NLD,2018,9972,,,,,,,
Switzerland,CHE,2003,4816,,289,,,,,
Switzerland,CHE,2004,5469,,357,,,,,
Switzerland,CHE,2005,5673,,327,,5,72,,332
Switzerland,CHE,2006,5526,5210,305,45,7,52,5255,312
Switzerland,CHE,2007,5251,4941,280,51,3,54,4992,283
Switzerland,CHE,2008,5199,4941,298,66,4,72,5007,302
Switzerland,CHE,2009,5491,5206,345,53,1,54,5259,346
Switzerland,CHE,2010,5665,5405,319,39,6,45,5444,325
Switzerland,CHE,2011,5511,5298,301,26,3,29,5324,304
Switzerland,CHE,2012,6001,5743,306,50,4,54,5793,310
Switzerland,CHE,2013,6537,6275,347,27,3,30,6302,350
Switzerland,CHE,2014,6414,6179,315,23,2,25,6202,317
Switzerland,CHE,2015,6398,6124,355,18,1,19,6142,356
Switzerland,CHE,2016,6447,6151,371,19,0,19,6170,371
Switzerland,CHE,2017,6449,6156,371,37,0,37,6193,371
Switzerland,CHE,2018,6507,,,,,,,
